NATIVE_NHS_NUMBER,ACCESS_TOKEN
patient1,Bearer p1g1112R_ccQ1Ebbb4gtHBP1aaaNM
patient2,Bearer p2g1112R_ccQ1Ebbb4gtHBP1aaaNM
patient3,Bearer p3g1112R_ccQ1Ebbb4gtHBP1aaaNM
patient4,Bearer p4g1112R_ccQ1Ebbb4gtHBP1aaaNM
patient5,Bearer p5g1112R_ccQ1Ebbb4gtHBP1aaaNM
patient6,Bearer p6g1112R_ccQ1Ebbb4gtHBP1aaaNM
patient7,Bearer p7g1112R_ccQ1Ebbb4gtHBP1aaaNM
patient8,Bearer p8g1112R_ccQ1Ebbb4gtHBP1aaaNM
patient9,Bearer p9g1112R_ccQ1Ebbb4gtHBP1aaaNM
patient10,Bearer p10g1112R_ccQ1Ebbb4gtHBP1aaaNM
patient11,Bearer p11g1112R_ccQ1Ebbb4gtHBP1aaaNM
patient12,Bearer p12g1112R_ccQ1Ebbb4gtHBP1aaaNM
patient13,Bearer p13g1112R_ccQ1Ebbb4gtHBP1aaaNM
patient14,Bearer p14g1112R_ccQ1Ebbb4gtHBP1aaaNM
patient15,Bearer p15g1112R_ccQ1Ebbb4gtHBP1aaaNM
patient16,Bearer p16g1112R_ccQ1Ebbb4gtHBP1aaaNM
patient17,Bearer p17g1112R_ccQ1Ebbb4gtHBP1aaaNM
patient18,Bearer p18g1112R_ccQ1Ebbb4gtHBP1aaaNM
patientNotInSystem,Bearer p19g1112R_ccQ1Ebbb4gtHBP1aaaNM
patientNoAppointments,Bearer p20g1112R_ccQ1Ebbb4gtHBP1aaaNM
patient21,Bearer p21g1112R_ccQ1Ebbb4gtHBP1aaaNM
invalidNHSnumber,Bearer p22g1112R_ccQ1Ebbb4gtHBP1aaaNM
